channel,title,control
Dreaming Cooper - Topic,Journey to Deep Space,dreaming cooper journey to deep space
matusalencillo,ANTONIO MOLINA. TE COMPARE CON LA LUNA, antonio molina Te Compare Con la Luna
Antonio Molina - Topic,Una Rosa y un Jazmin (feat. Eduardo Martinez),antonio molina una rosa y un jazmin
Earache Records,Wormrot - Behind Closed Doors (Official Video),wormrot behind closed doors
吴超 - Topic,福州 (完整版), 吴超 福州
Degoust74,𝐀𝐮𝐫𝐨𝐫𝐚 𝐁𝐨𝐫𝐞𝐚𝐥𝐢𝐬 - 𝐓𝐡𝐞 𝐌𝐢𝐥𝐤𝐲 𝐖𝐚𝐲 (𝟏𝟗𝟗𝟒),aurora borealis the milky way
CHUBYKIN,Олег Чубыкин - Лето навсегда,Олег Чубыкин Лето навсегда
Music in the Air,陸政廷 - 好久不見『好久不見 當你看到我出現』【動態歌詞】,陸政廷 - 好久不見
J-Worry - Topic,Native Nativity Nascene Naughty Naughtiness Nice Night Needle Network New Nestling Newborn...,j-worry Native Nativity Nascene Naughty Naughtiness Nice Night Needle Network New Nestling Newborn
T-Series Apna Punjab,JAY KAHLON AKH TERI LADEGI FULL VIDEO SONG | NAHI SARDA,Jay Kahlon AKH TERI LADEGI
Aida Bossa Music,AZÚCA / EL LORO Y LA LORA (Canto de Tradición Oral) (Video oficial),Aida Bossa Azuca El Loro y La Lora
Wave Bhojpuri Music,सुन गे छौडी बंगाल वाली - Bangal Ke Maal Hiya - Manish Mukharji - Superhit Bhojpuri Song 2020,Bangal Ke Maal Hiya Manish Mukharji
Mark Mulcahy,"Mark Mulcahy - ""Let the Fireflies Fly Away"" (Official video)",Mark Mulcahy Let the Fireflies Fly Away
גיל בר הדס Gil Bar Hadas,גיל בר הדס ואביגייל רוז - לא התכוונו לעכשיו,לא התכוונו לעכשיו (גרסת רדיו)
Perplexity Music / Pulse,Maiga - Vincenzo (Original Mix) [Free Download],maiga vincenzo
CHROME CUT RECORDS,NOVELIST - DUN KNO (T!M BOOTLEG) (FREE DOWNLOAD),novelist dun kno t!m bootleg
Noah Stromberg,Noah Stromberg - Hurricane (feat. Storyboards) [Dripice Remix] || Summer Sounds Release,noah stromberg hurricane dripice remix
DAITSONG MUSIC,Enya - Orinoco Flow (Sail Away) / 2009 Remaster / FLAC,enya orinoco flow 2009 remaster
Electric Chapel,Electric Chapel x Jade Shadi x Trackula -  If Only We Were Dancing | Official Lyric Video,Electric Chapel jade shadi trackula If Only We Were Dancing
Mark Vallese,Joey Negro vs Horse Meat Disco - Candidate For Love (Dave Lee fka Joey Negro Disco Blend),joey negro horse meat disco candidate for love dave lee joey negro disco blend
# Investigate: these 2 ^ controls don't produce a result on deezer, unless you trim them to 47/45 chars ??
Napalm Records,FEUERSCHWANZ ft. Melissa Bonny - Ding (SEEED Cover) | Napalm Records,feuerschwanz melissa bonny ding seeed cover
The Good Ice,F-Zero/SSBM - Mute City || LongBoxofChocolate Cover,f-zero/ssbm mute city longboxofchocolate cover
Noisey,"Noel Gallagher's High Flying Birds ""In The Heat Of The Moment"" (Official Video)",noel gallagher's high flying birds in the heat of the moment